Workbook

Sheet คู่มือ
A1: MedExplore Star — ไฟล์สำรองกรณีระบบออนไลน์ขัดข้อง
A2: วัตถุประสงค์ | B2: ใช้บันทึกการเข้าร่วมกิจกรรมและการอนุมัติดาวชั่วคราวเมื่อระบบออนไลน์ใช้งานไม่ได้ แล้วนำข้อมูลมาตรวจสอบก่อนนำเข้าระบบหลัก
A3: ขั้นตอนก่อนใช้งาน | B3: 1) ทำสำเนาไฟล์นี้แยกตามกิจกรรม/วัน 2) จำกัดผู้แก้ไขเฉพาะผู้จัดที่ได้รับมอบหมาย 3) ใช้รหัสนักศึกษาเป็นตัวระบุและตรวจสอบตัวตนตามแนวปฏิบัติของคณะ
A4: ระหว่างระบบล่ม | B4: กรอกข้อมูลในชีต Attendance_Log ทีละรายการ ใช้เวลาจริงตามนาฬิกาที่เชื่อถือได้ และบันทึกชื่อผู้บันทึก/หมายเหตุเมื่อมีการแก้ไข
A5: กติกาดาวเหลือง | B5: ตามข้อกำหนดโครงการ: Check-in และ Check-out ครบ และระยะเวลาเข้าร่วมอย่างน้อย 90 นาที จึงมีสิทธิ์ดาวเหลือง 1 ดวงต่อกิจกรรม ทั้งนี้ต้องผ่านการตรวจสอบ/อนุมัติ
A6: เพดานดาวเหลือง | B6: สูงสุด 12 ดวงต่อคนต่อปีการศึกษา ระบบนี้แสดงจำนวนดาวที่คำนวณได้ แต่ผู้อนุมัติต้องตรวจยอดสะสมในระบบหลักหรือชีต Summary ก่อนอนุมัติ
A7: ดาวเขียว | B7: กรอกใน Green_Star_Requests แยกต่างหาก ต้องมีหลักฐาน/ผู้รับรอง และต้องอนุมัติก่อนนับรวมกับดาวเหลือง
A8: การแลกรางวัล | B8: ใช้ Reward_Redemptions บันทึกคำขอและสถานะเท่านั้น ตรวจยอดดาวคงเหลือและป้องกันการแลกซ้ำในระบบหลักก่อนยืนยันทุกครั้ง ห้ามถือว่ายอดในไฟล์นี้เป็นยอดหลักถ้ามีรายการในระบบออนไลน์ที่ยังไม่ซิงก์
A9: เมื่อระบบกลับมา | B9: 1) หยุดกรอกไฟล์สำรอง 2) ส่งให้ผู้ดูแลระบบ 3) ตรวจซ้ำกับฐานข้อมูลหลัก 4) นำเข้ารายการที่ยังไม่มี 5) ตรวจยอด/รายการซ้ำ 6) ให้ผู้อนุมัติยืนยันผลการกระทบยอด
A10: ข้อควรระวัง | B10: ไฟล์นี้เป็นเครื่องมือสำรอง ไม่ใช่ฐานข้อมูลหลักและไม่สามารถล็อกการแก้ไขพร้อมกันได้อย่างปลอดภัย หลีกเลี่ยงการแก้พร้อมกันหลายคน ใช้ไฟล์แยก/ผู้บันทึกคนเดียว และเก็บไฟล์ในพื้นที่ที่มีสิทธิ์เข้าถึงจำกัด
A11: ข้อมูลส่วนบุคคล | B11: เก็บเฉพาะข้อมูลที่จำเป็น ปฏิบัติตามนโยบายคุ้มครองข้อมูลของสถาบัน ห้ามส่งไฟล์ผ่านช่องทางสาธารณะหรือเปิดสิทธิ์ลิงก์ให้บุคคลทั่วไป

Sheet กิจกรรม
A1: Activity_ID | B1: ปีการศึกษา | C1: ชื่อกิจกรรม | D1: วันที่ | E1: เวลาเริ่ม | F1: เวลาสิ้นสุด | G1: สถานที่ | H1: ผู้จัด/ผู้รับผิดชอบ | I1: สถานะระบบ | J1: หมายเหตุ
A2: ACT-2026-001 | B2: 2569 | C2: ปฐมนิเทศนักศึกษาแพทย์ | D2: 46308 | E2: 0.5625 | F2: 0.64583333 | G2: ห้องประชุมคณะแพทยศาสตร์ | H2: เจ้าหน้าที่กิจการนักศึกษา | I2: ปิดกิจกรรม | J2: ข้อมูลตัวอย่างสมมติ

Sheet Attendance_Log
A1: Record_ID | B1: Activity_ID | C1: ปีการศึกษา | D1: รหัสนักศึกษา | E1: ชื่อ-สกุล | F1: Check-in วันที่/เวลา | G1: Check-out วันที่/เวลา | H1: นาทีที่เข้าร่วม | I1: Check-in ครบ? | J1: Check-out ครบ? | K1: เข้าเกณฑ์ 90 นาที? | L1: ดาวเหลืองที่เสนอ | M1: ผู้บันทึก | N1: เวลาที่บันทึก | O1: สถานะตรวจสอบ | P1: หมายเหตุ/หลักฐาน
A2: ATT-0001 | B2: ACT-2026-001 | C2: 2569 | D2: DEMO0001 | E2: นักศึกษาตัวอย่าง | F2: 46308.562 | G2: 46308.646 | H2: =IF(OR(F2="",G2=""),"",MAX(0,ROUND((G2-F2)*1440,0))) | I2: =IF(F2="","ไม่ครบ","ครบ") | J2: =IF(G2="","ไม่ครบ","ครบ") | K2: =IF(OR(F2="",G2=""),"ไม่ผ่าน",IF(H2>=90,"ผ่าน","ไม่ผ่าน")) | L2: =IF(K2="ผ่าน",1,0) | M2: เจ้าหน้าที่ตัวอย่าง | N2: 46308.649 | O2: อนุมัติ | P2: ข้อมูลสมมติสำหรับสาธิตเท่านั้น; ต้องตรวจยอดสะสม 12 ดาว/ปีและรายการซ้ำก่อนอนุมัติจริง
H3: =IF(OR(F3="",G3=""),"",MAX(0,ROUND((G3-F3)*1440,0))) | I3: =IF(F3="","ไม่ครบ","ครบ") | J3: =IF(G3="","ไม่ครบ","ครบ") | K3: =IF(OR(F3="",G3=""),"ไม่ผ่าน",IF(H3>=90,"ผ่าน","ไม่ผ่าน")) | L3: =IF(K3="ผ่าน",1,0)
H4: =IF(OR(F4="",G4=""),"",MAX(0,ROUND((G4-F4)*1440,0))) | I4: =IF(F4="","ไม่ครบ","ครบ") | J4: =IF(G4="","ไม่ครบ","ครบ") | K4: =IF(OR(F4="",G4=""),"ไม่ผ่าน",IF(H4>=90,"ผ่าน","ไม่ผ่าน")) | L4: =IF(K4="ผ่าน",1,0)
H5: =IF(OR(F5="",G5=""),"",MAX(0,ROUND((G5-F5)*1440,0))) | I5: =IF(F5="","ไม่ครบ","ครบ") | J5: =IF(G5="","ไม่ครบ","ครบ") | K5: =IF(OR(F5="",G5=""),"ไม่ผ่าน",IF(H5>=90,"ผ่าน","ไม่ผ่าน")) | L5: =IF(K5="ผ่าน",1,0)
H6: =IF(OR(F6="",G6=""),"",MAX(0,ROUND((G6-F6)*1440,0))) | I6: =IF(F6="","ไม่ครบ","ครบ") | J6: =IF(G6="","ไม่ครบ","ครบ") | K6: =IF(OR(F6="",G6=""),"ไม่ผ่าน",IF(H6>=90,"ผ่าน","ไม่ผ่าน")) | L6: =IF(K6="ผ่าน",1,0)
H7: =IF(OR(F7="",G7=""),"",MAX(0,ROUND((G7-F7)*1440,0))) | I7: =IF(F7="","ไม่ครบ","ครบ") | J7: =IF(G7="","ไม่ครบ","ครบ") | K7: =IF(OR(F7="",G7=""),"ไม่ผ่าน",IF(H7>=90,"ผ่าน","ไม่ผ่าน")) | L7: =IF(K7="ผ่าน",1,0)
H8: =IF(OR(F8="",G8=""),"",MAX(0,ROUND((G8-F8)*1440,0))) | I8: =IF(F8="","ไม่ครบ","ครบ") | J8: =IF(G8="","ไม่ครบ","ครบ") | K8: =IF(OR(F8="",G8=""),"ไม่ผ่าน",IF(H8>=90,"ผ่าน","ไม่ผ่าน")) | L8: =IF(K8="ผ่าน",1,0)
H9: =IF(OR(F9="",G9=""),"",MAX(0,ROUND((G9-F9)*1440,0))) | I9: =IF(F9="","ไม่ครบ","ครบ") | J9: =IF(G9="","ไม่ครบ","ครบ") | K9: =IF(OR(F9="",G9=""),"ไม่ผ่าน",IF(H9>=90,"ผ่าน","ไม่ผ่าน")) | L9: =IF(K9="ผ่าน",1,0)
H10: =IF(OR(F10="",G10=""),"",MAX(0,ROUND((G10-F10)*1440,0))) | I10: =IF(F10="","ไม่ครบ","ครบ") | J10: =IF(G10="","ไม่ครบ","ครบ") | K10: =IF(OR(F10="",G10=""),"ไม่ผ่าน",IF(H10>=90,"ผ่าน","ไม่ผ่าน")) | L10: =IF(K10="ผ่าน",1,0)
H11: =IF(OR(F11="",G11=""),"",MAX(0,ROUND((G11-F11)*1440,0))) | I11: =IF(F11="","ไม่ครบ","ครบ") | J11: =IF(G11="","ไม่ครบ","ครบ") | K11: =IF(OR(F11="",G11=""),"ไม่ผ่าน",IF(H11>=90,"ผ่าน","ไม่ผ่าน")) | L11: =IF(K11="ผ่าน",1,0)
H12: =IF(OR(F12="",G12=""),"",MAX(0,ROUND((G12-F12)*1440,0))) | I12: =IF(F12="","ไม่ครบ","ครบ") | J12: =IF(G12="","ไม่ครบ","ครบ") | K12: =IF(OR(F12="",G12=""),"ไม่ผ่าน",IF(H12>=90,"ผ่าน","ไม่ผ่าน")) | L12: =IF(K12="ผ่าน",1,0)
H13: =IF(OR(F13="",G13=""),"",MAX(0,ROUND((G13-F13)*1440,0))) | I13: =IF(F13="","ไม่ครบ","ครบ") | J13: =IF(G13="","ไม่ครบ","ครบ") | K13: =IF(OR(F13="",G13=""),"ไม่ผ่าน",IF(H13>=90,"ผ่าน","ไม่ผ่าน")) | L13: =IF(K13="ผ่าน",1,0)
H14: =IF(OR(F14="",G14=""),"",MAX(0,ROUND((G14-F14)*1440,0))) | I14: =IF(F14="","ไม่ครบ","ครบ") | J14: =IF(G14="","ไม่ครบ","ครบ") | K14: =IF(OR(F14="",G14=""),"ไม่ผ่าน",IF(H14>=90,"ผ่าน","ไม่ผ่าน")) | L14: =IF(K14="ผ่าน",1,0)
... H1001: =IF(OR(F1001="",G1001=""),"",MAX(0,ROUND((G1001-F1001)*1440,0))) | I1001: =IF(F1001="","ไม่ครบ","ครบ") | J1001: =IF(G1001="","ไม่ครบ","ครบ") | K1001: =IF(OR(F1001="",G1001=""),"ไม่ผ่าน",IF(H1001>=90,"ผ่าน","ไม่ผ่าน")) | L1001: =IF(K1001="ผ่าน",1,0)

Sheet Green_Star_Requests
A1: Request_ID | B1: ปีการศึกษา | C1: รหัสนักศึกษา | D1: ชื่อ-สกุล | E1: Activity/งานช่วยเหลือ | F1: วันที่ช่วยงาน | G1: รายละเอียด/หลักฐาน | H1: จำนวนดาวที่เสนอ | I1: ผู้รับรอง | J1: สถานะอนุมัติ | K1: ผู้อนุมัติ | L1: วันที่อนุมัติ | M1: หมายเหตุ
A2: GRN-0001 | B2: 2569 | C2: DEMO0001 | D2: นักศึกษาตัวอย่าง | E2: ช่วยจัดเตรียมสถานที่กิจกรรม | F2: 46308 | G2: ตัวอย่างสมมติ: รายชื่อเวร/บันทึกผู้รับรอง | H2: 1 | I2: เจ้าหน้าที่ตัวอย่าง | J2: อนุมัติ | K2: ผู้อนุมัติตัวอย่าง | L2: 46308 | M2: จำนวนดาวในตัวอย่างเท่านั้น ต้องใช้เกณฑ์ที่คณะอนุมัติ

Sheet Reward_Redemptions
A1: Redemption_ID | B1: ปีการศึกษา | C1: รหัสนักศึกษา | D1: ชื่อ-สกุล | E1: ระดับรางวัล | F1: รางวัลที่เลือก | G1: ดาวที่ต้องใช้ | H1: วันที่ขอ | I1: สถานะ | J1: ผู้อนุมัติ | K1: วันที่ส่งมอบ | L1: ตรวจยอดระบบหลักแล้ว? | M1: หมายเหตุ
A2: RED-0001 | B2: 2569 | C2: DEMO0001 | D2: นักศึกษาตัวอย่าง | E2: ระดับตัวอย่าง | F2: กระบอกน้ำ MedExplore | G2: 5 | H2: 46308 | I2: รอตรวจสอบ | L2: ยังไม่ตรวจ | M2: ข้อมูลสมมติ; ต้องตรวจยอดดาวในระบบหลักก่อนอนุมัติ

Sheet Summary
A1: ปีการศึกษา | B1: รหัสนักศึกษา | C1: ชื่อ-สกุล | D1: ดาวเหลืองที่อนุมัติในไฟล์ | E1: ดาวเขียวที่อนุมัติในไฟล์ | F1: รวมดาวในไฟล์ | G1: ดาวเหลืองสูงสุดคงเหลือ* | H1: หมายเหตุ
A2: 2569 | B2: DEMO0001 | C2: นักศึกษาตัวอย่าง | D2: =COUNTIFS(Attendance_Log!$C$2:$C$1001,A2,Attendance_Log!$D$2:$D$1001,B2,Attendance_Log!$O$2:$O$1001,"อนุมัติ",Attendance_Log!$K$2:$K$1001,"ผ่าน") | E2: =SUMIFS(Green_Star_Requests!$H$2:$H$501,Green_Star_Requests!$B$2:$B$501,A2,Green_Star_Requests!$C$2:$C$501,B2,Green_Star_Requests!$J$2:$J$501,"อนุมัติ") | F2: =D2+E2 | G2: =MAX(0,12-D2) | H2: ข้อมูลตัวอย่างสมมติ; Summary นับเฉพาะรายการในไฟล์นี้
D3: =COUNTIFS(Attendance_Log!$C$2:$C$1001,A3,Attendance_Log!$D$2:$D$1001,B3,Attendance_Log!$O$2:$O$1001,"อนุมัติ",Attendance_Log!$K$2:$K$1001,"ผ่าน") | E3: =SUMIFS(Green_Star_Requests!$H$2:$H$501,Green_Star_Requests!$B$2:$B$501,A3,Green_Star_Requests!$C$2:$C$501,B3,Green_Star_Requests!$J$2:$J$501,"อนุมัติ") | F3: =D3+E3 | G3: =MAX(0,12-D3)
D4: =COUNTIFS(Attendance_Log!$C$2:$C$1001,A4,Attendance_Log!$D$2:$D$1001,B4,Attendance_Log!$O$2:$O$1001,"อนุมัติ",Attendance_Log!$K$2:$K$1001,"ผ่าน") | E4: =SUMIFS(Green_Star_Requests!$H$2:$H$501,Green_Star_Requests!$B$2:$B$501,A4,Green_Star_Requests!$C$2:$C$501,B4,Green_Star_Requests!$J$2:$J$501,"อนุมัติ") | F4: =D4+E4 | G4: =MAX(0,12-D4)
D5: =COUNTIFS(Attendance_Log!$C$2:$C$1001,A5,Attendance_Log!$D$2:$D$1001,B5,Attendance_Log!$O$2:$O$1001,"อนุมัติ",Attendance_Log!$K$2:$K$1001,"ผ่าน") | E5: =SUMIFS(Green_Star_Requests!$H$2:$H$501,Green_Star_Requests!$B$2:$B$501,A5,Green_Star_Requests!$C$2:$C$501,B5,Green_Star_Requests!$J$2:$J$501,"อนุมัติ") | F5: =D5+E5 | G5: =MAX(0,12-D5)
D6: =COUNTIFS(Attendance_Log!$C$2:$C$1001,A6,Attendance_Log!$D$2:$D$1001,B6,Attendance_Log!$O$2:$O$1001,"อนุมัติ",Attendance_Log!$K$2:$K$1001,"ผ่าน") | E6: =SUMIFS(Green_Star_Requests!$H$2:$H$501,Green_Star_Requests!$B$2:$B$501,A6,Green_Star_Requests!$C$2:$C$501,B6,Green_Star_Requests!$J$2:$J$501,"อนุมัติ") | F6: =D6+E6 | G6: =MAX(0,12-D6)
D7: =COUNTIFS(Attendance_Log!$C$2:$C$1001,A7,Attendance_Log!$D$2:$D$1001,B7,Attendance_Log!$O$2:$O$1001,"อนุมัติ",Attendance_Log!$K$2:$K$1001,"ผ่าน") | E7: =SUMIFS(Green_Star_Requests!$H$2:$H$501,Green_Star_Requests!$B$2:$B$501,A7,Green_Star_Requests!$C$2:$C$501,B7,Green_Star_Requests!$J$2:$J$501,"อนุมัติ") | F7: =D7+E7 | G7: =MAX(0,12-D7)
D8: =COUNTIFS(Attendance_Log!$C$2:$C$1001,A8,Attendance_Log!$D$2:$D$1001,B8,Attendance_Log!$O$2:$O$1001,"อนุมัติ",Attendance_Log!$K$2:$K$1001,"ผ่าน") | E8: =SUMIFS(Green_Star_Requests!$H$2:$H$501,Green_Star_Requests!$B$2:$B$501,A8,Green_Star_Requests!$C$2:$C$501,B8,Green_Star_Requests!$J$2:$J$501,"อนุมัติ") | F8: =D8+E8 | G8: =MAX(0,12-D8)
D9: =COUNTIFS(Attendance_Log!$C$2:$C$1001,A9,Attendance_Log!$D$2:$D$1001,B9,Attendance_Log!$O$2:$O$1001,"อนุมัติ",Attendance_Log!$K$2:$K$1001,"ผ่าน") | E9: =SUMIFS(Green_Star_Requests!$H$2:$H$501,Green_Star_Requests!$B$2:$B$501,A9,Green_Star_Requests!$C$2:$C$501,B9,Green_Star_Requests!$J$2:$J$501,"อนุมัติ") | F9: =D9+E9 | G9: =MAX(0,12-D9)
D10: =COUNTIFS(Attendance_Log!$C$2:$C$1001,A10,Attendance_Log!$D$2:$D$1001,B10,Attendance_Log!$O$2:$O$1001,"อนุมัติ",Attendance_Log!$K$2:$K$1001,"ผ่าน") | E10: =SUMIFS(Green_Star_Requests!$H$2:$H$501,Green_Star_Requests!$B$2:$B$501,A10,Green_Star_Requests!$C$2:$C$501,B10,Green_Star_Requests!$J$2:$J$501,"อนุมัติ") | F10: =D10+E10 | G10: =MAX(0,12-D10)
D11: =COUNTIFS(Attendance_Log!$C$2:$C$1001,A11,Attendance_Log!$D$2:$D$1001,B11,Attendance_Log!$O$2:$O$1001,"อนุมัติ",Attendance_Log!$K$2:$K$1001,"ผ่าน") | E11: =SUMIFS(Green_Star_Requests!$H$2:$H$501,Green_Star_Requests!$B$2:$B$501,A11,Green_Star_Requests!$C$2:$C$501,B11,Green_Star_Requests!$J$2:$J$501,"อนุมัติ") | F11: =D11+E11 | G11: =MAX(0,12-D11)
D12: =COUNTIFS(Attendance_Log!$C$2:$C$1001,A12,Attendance_Log!$D$2:$D$1001,B12,Attendance_Log!$O$2:$O$1001,"อนุมัติ",Attendance_Log!$K$2:$K$1001,"ผ่าน") | E12: =SUMIFS(Green_Star_Requests!$H$2:$H$501,Green_Star_Requests!$B$2:$B$501,A12,Green_Star_Requests!$C$2:$C$501,B12,Green_Star_Requests!$J$2:$J$501,"อนุมัติ") | F12: =D12+E12 | G12: =MAX(0,12-D12)
D13: =COUNTIFS(Attendance_Log!$C$2:$C$1001,A13,Attendance_Log!$D$2:$D$1001,B13,Attendance_Log!$O$2:$O$1001,"อนุมัติ",Attendance_Log!$K$2:$K$1001,"ผ่าน") | E13: =SUMIFS(Green_Star_Requests!$H$2:$H$501,Green_Star_Requests!$B$2:$B$501,A13,Green_Star_Requests!$C$2:$C$501,B13,Green_Star_Requests!$J$2:$J$501,"อนุมัติ") | F13: =D13+E13 | G13: =MAX(0,12-D13)
D14: =COUNTIFS(Attendance_Log!$C$2:$C$1001,A14,Attendance_Log!$D$2:$D$1001,B14,Attendance_Log!$O$2:$O$1001,"อนุมัติ",Attendance_Log!$K$2:$K$1001,"ผ่าน") | E14: =SUMIFS(Green_Star_Requests!$H$2:$H$501,Green_Star_Requests!$B$2:$B$501,A14,Green_Star_Requests!$C$2:$C$501,B14,Green_Star_Requests!$J$2:$J$501,"อนุมัติ") | F14: =D14+E14 | G14: =MAX(0,12-D14)
... D501: =COUNTIFS(Attendance_Log!$C$2:$C$1001,A501,Attendance_Log!$D$2:$D$1001,B501,Attendance_Log!$O$2:$O$1001,"อนุมัติ",Attendance_Log!$K$2:$K$1001,"ผ่าน") | E501: =SUMIFS(Green_Star_Requests!$H$2:$H$501,Green_Star_Requests!$B$2:$B$501,A501,Green_Star_Requests!$C$2:$C$501,B501,Green_Star_Requests!$J$2:$J$501,"อนุมัติ") | F501: =D501+E501 | G501: =MAX(0,12-D501)
A503: *Summary นี้นับเฉพาะข้อมูลในไฟล์สำรอง ไม่ใช่ยอดรวมที่ยืนยันจากระบบหลัก
